USE [master]
GO
/****** Object:  Database [lachagarden]    Script Date: 3/5/2023 7:42:02 AM ******/
CREATE DATABASE [lachagarden]
 CONTAINMENT = NONE
 ON  PRIMARY 
( NAME = N'lachagarden', FILENAME = N'C:\Program Files\Microsoft SQL Server\MSSQL16.SQLEXPRESS\MSSQL\DATA\lachagarden.mdf' , SIZE = 8192KB , MAXSIZE = UNLIMITED, FILEGROWTH = 65536KB )
 LOG ON 
( NAME = N'lachagarden_log', FILENAME = N'C:\Program Files\Microsoft SQL Server\MSSQL16.SQLEXPRESS\MSSQL\DATA\lachagarden_log.ldf' , SIZE = 8192KB , MAXSIZE = 2048GB , FILEGROWTH = 65536KB )
 WITH CATALOG_COLLATION = DATABASE_DEFAULT, LEDGER = OFF
GO
ALTER DATABASE [lachagarden] SET COMPATIBILITY_LEVEL = 160
GO
IF (1 = FULLTEXTSERVICEPROPERTY('IsFullTextInstalled'))
begin
EXEC [lachagarden].[dbo].[sp_fulltext_database] @action = 'enable'
end
GO
ALTER DATABASE [lachagarden] SET ANSI_NULL_DEFAULT OFF 
GO
ALTER DATABASE [lachagarden] SET ANSI_NULLS OFF 
GO
ALTER DATABASE [lachagarden] SET ANSI_PADDING OFF 
GO
ALTER DATABASE [lachagarden] SET ANSI_WARNINGS OFF 
GO
ALTER DATABASE [lachagarden] SET ARITHABORT OFF 
GO
ALTER DATABASE [lachagarden] SET AUTO_CLOSE ON 
GO
ALTER DATABASE [lachagarden] SET AUTO_SHRINK OFF 
GO
ALTER DATABASE [lachagarden] SET AUTO_UPDATE_STATISTICS ON 
GO
ALTER DATABASE [lachagarden] SET CURSOR_CLOSE_ON_COMMIT OFF 
GO
ALTER DATABASE [lachagarden] SET CURSOR_DEFAULT  GLOBAL 
GO
ALTER DATABASE [lachagarden] SET CONCAT_NULL_YIELDS_NULL OFF 
GO
ALTER DATABASE [lachagarden] SET NUMERIC_ROUNDABORT OFF 
GO
ALTER DATABASE [lachagarden] SET QUOTED_IDENTIFIER OFF 
GO
ALTER DATABASE [lachagarden] SET RECURSIVE_TRIGGERS OFF 
GO
ALTER DATABASE [lachagarden] SET  ENABLE_BROKER 
GO
ALTER DATABASE [lachagarden] SET AUTO_UPDATE_STATISTICS_ASYNC OFF 
GO
ALTER DATABASE [lachagarden] SET DATE_CORRELATION_OPTIMIZATION OFF 
GO
ALTER DATABASE [lachagarden] SET TRUSTWORTHY OFF 
GO
ALTER DATABASE [lachagarden] SET ALLOW_SNAPSHOT_ISOLATION OFF 
GO
ALTER DATABASE [lachagarden] SET PARAMETERIZATION SIMPLE 
GO
ALTER DATABASE [lachagarden] SET READ_COMMITTED_SNAPSHOT OFF 
GO
ALTER DATABASE [lachagarden] SET HONOR_BROKER_PRIORITY OFF 
GO
ALTER DATABASE [lachagarden] SET RECOVERY SIMPLE 
GO
ALTER DATABASE [lachagarden] SET  MULTI_USER 
GO
ALTER DATABASE [lachagarden] SET PAGE_VERIFY CHECKSUM  
GO
ALTER DATABASE [lachagarden] SET DB_CHAINING OFF 
GO
ALTER DATABASE [lachagarden] SET FILESTREAM( NON_TRANSACTED_ACCESS = OFF ) 
GO
ALTER DATABASE [lachagarden] SET TARGET_RECOVERY_TIME = 60 SECONDS 
GO
ALTER DATABASE [lachagarden] SET DELAYED_DURABILITY = DISABLED 
GO
ALTER DATABASE [lachagarden] SET ACCELERATED_DATABASE_RECOVERY = OFF  
GO
ALTER DATABASE [lachagarden] SET QUERY_STORE = ON
GO
ALTER DATABASE [lachagarden] SET QUERY_STORE (OPERATION_MODE = READ_WRITE, CLEANUP_POLICY = (STALE_QUERY_THRESHOLD_DAYS = 30), DATA_FLUSH_INTERVAL_SECONDS = 900, INTERVAL_LENGTH_MINUTES = 60, MAX_STORAGE_SIZE_MB = 1000, QUERY_CAPTURE_MODE = AUTO, SIZE_BASED_CLEANUP_MODE = AUTO, MAX_PLANS_PER_QUERY = 200, WAIT_STATS_CAPTURE_MODE = ON)
GO
USE [lachagarden]
GO
/****** Object:  Table [dbo].[Area]    Script Date: 3/5/2023 7:42:02 AM ******/
SET ANSI_NULLS ON
GO
SET QUOTED_IDENTIFIER ON
GO
CREATE TABLE [dbo].[Area](
	[ID] [int] IDENTITY(1,1) NOT NULL,
	[NameArea] [nvarchar](50) NULL,
 CONSTRAINT [PK_Area] PRIMARY KEY CLUSTERED 
(
	[ID] ASC
)WITH (PAD_INDEX = OFF, STATISTICS_NORECOMPUTE = OFF, IGNORE_DUP_KEY = OFF, ALLOW_ROW_LOCKS = ON, ALLOW_PAGE_LOCKS = ON, OPTIMIZE_FOR_SEQUENTIAL_KEY = OFF) ON [PRIMARY]
) ON [PRIMARY]
GO
/****** Object:  Table [dbo].[Building]    Script Date: 3/5/2023 7:42:02 AM ******/
SET ANSI_NULLS ON
GO
SET QUOTED_IDENTIFIER ON
GO
CREATE TABLE [dbo].[Building](
	[ID] [int] IDENTITY(1,1) NOT NULL,
	[NameBuilding] [nvarchar](50) NULL,
	[AreaID] [int] NULL,
 CONSTRAINT [PK_Building] PRIMARY KEY CLUSTERED 
(
	[ID] ASC
)WITH (PAD_INDEX = OFF, STATISTICS_NORECOMPUTE = OFF, IGNORE_DUP_KEY = OFF, ALLOW_ROW_LOCKS = ON, ALLOW_PAGE_LOCKS = ON, OPTIMIZE_FOR_SEQUENTIAL_KEY = OFF) ON [PRIMARY]
) ON [PRIMARY]
GO
/****** Object:  Table [dbo].[Customer]    Script Date: 3/5/2023 7:42:02 AM ******/
SET ANSI_NULLS ON
GO
SET QUOTED_IDENTIFIER ON
GO
CREATE TABLE [dbo].[Customer](
	[ID] [int] IDENTITY(1,1) NOT NULL,
	[FullName] [nvarchar](50) NULL,
	[Phone] [decimal](10, 0) NULL,
	[Gmail] [nvarchar](50) NULL,
	[Gender] [int] NULL,
	[Status] [int] NULL,
	[RoleID] [int] NULL,
 CONSTRAINT [PK_Customer] PRIMARY KEY CLUSTERED 
(
	[ID] ASC
)WITH (PAD_INDEX = OFF, STATISTICS_NORECOMPUTE = OFF, IGNORE_DUP_KEY = OFF, ALLOW_ROW_LOCKS = ON, ALLOW_PAGE_LOCKS = ON, OPTIMIZE_FOR_SEQUENTIAL_KEY = OFF) ON [PRIMARY]
) ON [PRIMARY]
GO
/****** Object:  Table [dbo].[Garden]    Script Date: 3/5/2023 7:42:02 AM ******/
SET ANSI_NULLS ON
GO
SET QUOTED_IDENTIFIER ON
GO
CREATE TABLE [dbo].[Garden](
	[ID] [int] IDENTITY(1,1) NOT NULL,
	[Status] [int] NULL,
	[GardenPackageID] [int] NULL,
 CONSTRAINT [PK_Garden] PRIMARY KEY CLUSTERED 
(
	[ID] ASC
)WITH (PAD_INDEX = OFF, STATISTICS_NORECOMPUTE = OFF, IGNORE_DUP_KEY = OFF, ALLOW_ROW_LOCKS = ON, ALLOW_PAGE_LOCKS = ON, OPTIMIZE_FOR_SEQUENTIAL_KEY = OFF) ON [PRIMARY]
) ON [PRIMARY]
GO
/****** Object:  Table [dbo].[GardenPackage]    Script Date: 3/5/2023 7:42:02 AM ******/
SET ANSI_NULLS ON
GO
SET QUOTED_IDENTIFIER ON
GO
CREATE TABLE [dbo].[GardenPackage](
	[ID] [int] IDENTITY(1,1) NOT NULL,
	[NamePack] [nvarchar](100) NULL,
	[Image] [nvarchar](max) NULL,
	[Length] [float] NULL,
	[Width] [float] NULL,
	[Description] [nvarchar](max) NULL,
	[Price] [float] NULL,
	[Status] [int] NULL,
	[PackageTypeID] [int] NULL,
 CONSTRAINT [PK_GardenPackage] PRIMARY KEY CLUSTERED 
(
	[ID] ASC
)WITH (PAD_INDEX = OFF, STATISTICS_NORECOMPUTE = OFF, IGNORE_DUP_KEY = OFF, ALLOW_ROW_LOCKS = ON, ALLOW_PAGE_LOCKS = ON, OPTIMIZE_FOR_SEQUENTIAL_KEY = OFF) ON [PRIMARY]
) ON [PRIMARY] TEXTIMAGE_ON [PRIMARY]
GO
/****** Object:  Table [dbo].[PackageType]    Script Date: 3/5/2023 7:42:02 AM ******/
SET ANSI_NULLS ON
GO
SET QUOTED_IDENTIFIER ON
GO
CREATE TABLE [dbo].[PackageType](
	[ID] [int] IDENTITY(1,1) NOT NULL,
	[NamePackageType] [nvarchar](50) NULL,
	[Status] [int] NULL,
 CONSTRAINT [PK_PackageType] PRIMARY KEY CLUSTERED 
(
	[ID] ASC
)WITH (PAD_INDEX = OFF, STATISTICS_NORECOMPUTE = OFF, IGNORE_DUP_KEY = OFF, ALLOW_ROW_LOCKS = ON, ALLOW_PAGE_LOCKS = ON, OPTIMIZE_FOR_SEQUENTIAL_KEY = OFF) ON [PRIMARY]
) ON [PRIMARY]
GO
/****** Object:  Table [dbo].[Request]    Script Date: 3/5/2023 7:42:02 AM ******/
SET ANSI_NULLS ON
GO
SET QUOTED_IDENTIFIER ON
GO
CREATE TABLE [dbo].[Request](
	[ID] [int] IDENTITY(1,1) NOT NULL,
	[Description] [nvarchar](max) NULL,
	[Status] [int] NULL,
	[GardenID] [int] NULL,
 CONSTRAINT [PK_Request] PRIMARY KEY CLUSTERED 
(
	[ID] ASC
)WITH (PAD_INDEX = OFF, STATISTICS_NORECOMPUTE = OFF, IGNORE_DUP_KEY = OFF, ALLOW_ROW_LOCKS = ON, ALLOW_PAGE_LOCKS = ON, OPTIMIZE_FOR_SEQUENTIAL_KEY = OFF) ON [PRIMARY]
) ON [PRIMARY] TEXTIMAGE_ON [PRIMARY]
GO
/****** Object:  Table [dbo].[Result]    Script Date: 3/5/2023 7:42:02 AM ******/
SET ANSI_NULLS ON
GO
SET QUOTED_IDENTIFIER ON
GO
CREATE TABLE [dbo].[Result](
	[ID] [int] IDENTITY(1,1) NOT NULL,
	[Image] [nvarchar](max) NOT NULL,
	[Description] [nvarchar](max) NULL,
	[DateReport] [datetime] NOT NULL,
	[Status] [int] NOT NULL,
	[TreeCareID] [int] NULL,
 CONSTRAINT [PK_Result] PRIMARY KEY CLUSTERED 
(
	[ID] ASC
)WITH (PAD_INDEX = OFF, STATISTICS_NORECOMPUTE = OFF, IGNORE_DUP_KEY = OFF, ALLOW_ROW_LOCKS = ON, ALLOW_PAGE_LOCKS = ON, OPTIMIZE_FOR_SEQUENTIAL_KEY = OFF) ON [PRIMARY]
) ON [PRIMARY] TEXTIMAGE_ON [PRIMARY]
GO
/****** Object:  Table [dbo].[Role]    Script Date: 3/5/2023 7:42:02 AM ******/
SET ANSI_NULLS ON
GO
SET QUOTED_IDENTIFIER ON
GO
CREATE TABLE [dbo].[Role](
	[RoleID] [int] IDENTITY(1,1) NOT NULL,
	[RoleName] [nvarchar](50) NULL,
 CONSTRAINT [PK_Role] PRIMARY KEY CLUSTERED 
(
	[RoleID] ASC
)WITH (PAD_INDEX = OFF, STATISTICS_NORECOMPUTE = OFF, IGNORE_DUP_KEY = OFF, ALLOW_ROW_LOCKS = ON, ALLOW_PAGE_LOCKS = ON, OPTIMIZE_FOR_SEQUENTIAL_KEY = OFF) ON [PRIMARY]
) ON [PRIMARY]
GO
/****** Object:  Table [dbo].[Room]    Script Date: 3/5/2023 7:42:02 AM ******/
SET ANSI_NULLS ON
GO
SET QUOTED_IDENTIFIER ON
GO
CREATE TABLE [dbo].[Room](
	[ID] [int] IDENTITY(1,1) NOT NULL,
	[RoomNumber] [nvarchar](50) NULL,
	[Length] [float] NULL,
	[Width] [float] NULL,
	[Status] [int] NULL,
	[BuildingID] [int] NULL,
	[CustomerID] [int] NULL,
 CONSTRAINT [PK_Room] PRIMARY KEY CLUSTERED 
(
	[ID] ASC
)WITH (PAD_INDEX = OFF, STATISTICS_NORECOMPUTE = OFF, IGNORE_DUP_KEY = OFF, ALLOW_ROW_LOCKS = ON, ALLOW_PAGE_LOCKS = ON, OPTIMIZE_FOR_SEQUENTIAL_KEY = OFF) ON [PRIMARY]
) ON [PRIMARY]
GO
/****** Object:  Table [dbo].[Technical]    Script Date: 3/5/2023 7:42:02 AM ******/
SET ANSI_NULLS ON
GO
SET QUOTED_IDENTIFIER ON
GO
CREATE TABLE [dbo].[Technical](
	[ID] [int] IDENTITY(1,1) NOT NULL,
	[NameTech] [nvarchar](50) NULL,
	[Gmail] [nvarchar](50) NULL,
	[Phone] [decimal](10, 0) NULL,
	[Image] [nvarchar](max) NULL,
	[Gender] [int] NULL,
	[Status] [int] NULL,
	[RoleID] [int] NULL,
 CONSTRAINT [PK_Technical] PRIMARY KEY CLUSTERED 
(
	[ID] ASC
)WITH (PAD_INDEX = OFF, STATISTICS_NORECOMPUTE = OFF, IGNORE_DUP_KEY = OFF, ALLOW_ROW_LOCKS = ON, ALLOW_PAGE_LOCKS = ON, OPTIMIZE_FOR_SEQUENTIAL_KEY = OFF) ON [PRIMARY]
) ON [PRIMARY] TEXTIMAGE_ON [PRIMARY]
GO
/****** Object:  Table [dbo].[Tree]    Script Date: 3/5/2023 7:42:02 AM ******/
SET ANSI_NULLS ON
GO
SET QUOTED_IDENTIFIER ON
GO
CREATE TABLE [dbo].[Tree](
	[ID] [int] IDENTITY(1,1) NOT NULL,
	[NameTree] [nvarchar](50) NULL,
	[Description] [nvarchar](max) NULL,
	[Image] [nvarchar](max) NULL,
	[Price] [float] NULL,
	[Status] [int] NULL,
	[TreeTypeID] [int] NULL,
	[GardenPackageID] [int] NULL,
 CONSTRAINT [PK_Tree] PRIMARY KEY CLUSTERED 
(
	[ID] ASC
)WITH (PAD_INDEX = OFF, STATISTICS_NORECOMPUTE = OFF, IGNORE_DUP_KEY = OFF, ALLOW_ROW_LOCKS = ON, ALLOW_PAGE_LOCKS = ON, OPTIMIZE_FOR_SEQUENTIAL_KEY = OFF) ON [PRIMARY]
) ON [PRIMARY] TEXTIMAGE_ON [PRIMARY]
GO
/****** Object:  Table [dbo].[TreeCare]    Script Date: 3/5/2023 7:42:02 AM ******/
SET ANSI_NULLS ON
GO
SET QUOTED_IDENTIFIER ON
GO
CREATE TABLE [dbo].[TreeCare](
	[ID] [int] IDENTITY(1,1) NOT NULL,
	[Name] [nvarchar](50) NULL,
	[Status] [int] NULL,
	[TechnicalID] [int] NULL,
	[RequestID] [int] NULL,
 CONSTRAINT [PK_TreeCare] PRIMARY KEY CLUSTERED 
(
	[ID] ASC
)WITH (PAD_INDEX = OFF, STATISTICS_NORECOMPUTE = OFF, IGNORE_DUP_KEY = OFF, ALLOW_ROW_LOCKS = ON, ALLOW_PAGE_LOCKS = ON, OPTIMIZE_FOR_SEQUENTIAL_KEY = OFF) ON [PRIMARY]
) ON [PRIMARY]
GO
/****** Object:  Table [dbo].[TreeType]    Script Date: 3/5/2023 7:42:02 AM ******/
SET ANSI_NULLS ON
GO
SET QUOTED_IDENTIFIER ON
GO
CREATE TABLE [dbo].[TreeType](
	[ID] [int] IDENTITY(1,1) NOT NULL,
	[NameTreeType] [nvarchar](50) NULL,
	[Status] [int] NULL,
 CONSTRAINT [PK_TreeType] PRIMARY KEY CLUSTERED 
(
	[ID] ASC
)WITH (PAD_INDEX = OFF, STATISTICS_NORECOMPUTE = OFF, IGNORE_DUP_KEY = OFF, ALLOW_ROW_LOCKS = ON, ALLOW_PAGE_LOCKS = ON, OPTIMIZE_FOR_SEQUENTIAL_KEY = OFF) ON [PRIMARY]
) ON [PRIMARY]
GO
SET IDENTITY_INSERT [dbo].[Area] ON 
GO
INSERT [dbo].[Area] ([ID], [NameArea]) VALUES (1, N'Origami')
GO
INSERT [dbo].[Area] ([ID], [NameArea]) VALUES (2, N'Rainbow')
GO
SET IDENTITY_INSERT [dbo].[Area] OFF
GO
SET IDENTITY_INSERT [dbo].[Building] ON 
GO
INSERT [dbo].[Building] ([ID], [NameBuilding], [AreaID]) VALUES (1, N'S6.01', 1)
GO
INSERT [dbo].[Building] ([ID], [NameBuilding], [AreaID]) VALUES (2, N'S6.02', 1)
GO
INSERT [dbo].[Building] ([ID], [NameBuilding], [AreaID]) VALUES (3, N'S7.01', 1)
GO
INSERT [dbo].[Building] ([ID], [NameBuilding], [AreaID]) VALUES (4, N'S7.02', 1)
GO
INSERT [dbo].[Building] ([ID], [NameBuilding], [AreaID]) VALUES (5, N'S8.01', 1)
GO
INSERT [dbo].[Building] ([ID], [NameBuilding], [AreaID]) VALUES (6, N'S9.01', 1)
GO
INSERT [dbo].[Building] ([ID], [NameBuilding], [AreaID]) VALUES (7, N'S9.02', 1)
GO
INSERT [dbo].[Building] ([ID], [NameBuilding], [AreaID]) VALUES (8, N'S10.01', 1)
GO
INSERT [dbo].[Building] ([ID], [NameBuilding], [AreaID]) VALUES (9, N'S10.02', 1)
GO
INSERT [dbo].[Building] ([ID], [NameBuilding], [AreaID]) VALUES (10, N'S1.01', 2)
GO
INSERT [dbo].[Building] ([ID], [NameBuilding], [AreaID]) VALUES (11, N'S1.03', 2)
GO
INSERT [dbo].[Building] ([ID], [NameBuilding], [AreaID]) VALUES (12, N'S2.01', 2)
GO
INSERT [dbo].[Building] ([ID], [NameBuilding], [AreaID]) VALUES (13, N'S2.02', 2)
GO
INSERT [dbo].[Building] ([ID], [NameBuilding], [AreaID]) VALUES (14, N'S3.01', 2)
GO
INSERT [dbo].[Building] ([ID], [NameBuilding], [AreaID]) VALUES (15, N'S3.02', 2)
GO
INSERT [dbo].[Building] ([ID], [NameBuilding], [AreaID]) VALUES (16, N'S5.01', 2)
GO
INSERT [dbo].[Building] ([ID], [NameBuilding], [AreaID]) VALUES (17, N'S5.02', 2)
GO
SET IDENTITY_INSERT [dbo].[Building] OFF
GO
SET IDENTITY_INSERT [dbo].[Customer] ON 
GO
INSERT [dbo].[Customer] ([ID], [FullName], [Phone], [Gmail], [Gender], [Status], [RoleID]) VALUES (1, N'Nguyễn Văn Quang', CAST(343506064 AS Decimal(10, 0)), N'quang.nguyen20401@gmail.com', 1, 1, 3)
GO
INSERT [dbo].[Customer] ([ID], [FullName], [Phone], [Gmail], [Gender], [Status], [RoleID]) VALUES (2, N'QuangNV', CAST(342456456 AS Decimal(10, 0)), N'quangnketchup@gmail.com', 1, 1, 3)
GO
SET IDENTITY_INSERT [dbo].[Customer] OFF
GO
SET IDENTITY_INSERT [dbo].[GardenPackage] ON 
GO
INSERT [dbo].[GardenPackage] ([ID], [NamePack], [Image], [Length], [Width], [Description], [Price], [Status], [PackageTypeID]) VALUES (1, N'Sân vườn Truyền thống Nhật', N'https://firebasestorage.googleapis.com/v0/b/lachagarden.appspot.com/o/nh%E1%BA%A1t.jpg?alt=media&token=dada9830-a3ce-41b6-8cd9-a4efb1c4b7e1', 300, 120, N'a', 123, 1, 1)
GO
INSERT [dbo].[GardenPackage] ([ID], [NamePack], [Image], [Length], [Width], [Description], [Price], [Status], [PackageTypeID]) VALUES (2, N'Sân vườn hiện đại Vương Quốc Anh', N'https://firebasestorage.googleapis.com/v0/b/lachagarden.appspot.com/o/Anh.jpg?alt=media&token=68b226d7-9d85-4718-b1a4-0ce0f11757a5', 300, 120, N'a', 123, 0, 3)
GO
INSERT [dbo].[GardenPackage] ([ID], [NamePack], [Image], [Length], [Width], [Description], [Price], [Status], [PackageTypeID]) VALUES (3, N'Sân vườn Truyền thống Anh', N'https://firebasestorage.googleapis.com/v0/b/lachagarden.appspot.com/o/Anh.jpg?alt=media&token=b9d17f77-0867-4dbb-89dc-253dd8088431', 300, 120, N'a', 123, 1, 1)
GO
INSERT [dbo].[GardenPackage] ([ID], [NamePack], [Image], [Length], [Width], [Description], [Price], [Status], [PackageTypeID]) VALUES (4, N'string', N'string', 0, 0, N'a', 123, 1, 1)
GO
INSERT [dbo].[GardenPackage] ([ID], [NamePack], [Image], [Length], [Width], [Description], [Price], [Status], [PackageTypeID]) VALUES (5, N'123', N'string', 0, 0, N'a', 123, 1, 1)
GO
INSERT [dbo].[GardenPackage] ([ID], [NamePack], [Image], [Length], [Width], [Description], [Price], [Status], [PackageTypeID]) VALUES (7, N'12332', N'data:image/jpeg;base64,/9j/4AAQSkZJRgABAQAAAQABAAD/2wCEAAkGBwgHBgkIBwgKCgkLDRYPDQwMDRsUFRAWIB0iIiAdHx8kKDQsJCYxJx8fLT0tMTU3Ojo6Iys/RD84QzQ5OjcBCgoKDQwNGg8PGjclHyU3Nzc3Nzc3Nzc3Nzc3Nzc3Nzc3Nzc3Nzc3Nzc3Nzc3Nzc3Nzc3Nzc3Nzc3Nzc3Nzc3N//AABEIAUQA9AMBIgACEQEDEQH/xAAcAAACAgMBAQAAAAAAAAAAAAAEBQMGAAIHAQj/xABFEAACAQMCAwYDBQUIAAYCAwEBAgMABBEFIRIxQQYTIlFhcYGRoRQyUrHBI0Ji0fAHFSQzQ3KC4TRTkqKy8WPSJUXCFv/EABoBAAMBAQEBAAAAAAAAAAAAAAECAwQABQb/xAAxEQACAgEDAgQEBAcBAAAAAAAAAQIRAxIhMQRBEyJRcQUyYcFCkaGxFBUjM4HC8HL/2gAMAwEAAhEDEQA/AHk+rMyiPjZMfvLzBqOLtDcn/DSywqxOFlOVV/zwffalc92jZwlLZjxZ9a8LxGj7v+XxmrWzLh3uq9ySbOWUN90xkOCP+JNQWejXUzmSa1uF9DG38qX6Pq8enaY6Rib7YW2ZWwP/AK+FOrPtlfeGMAO3k0Z//wA060vuYcj6vCmowXuZPpt65EVtZXGOrd0QKb6bomoRqMqVHkWFEaX2ie5JzHEWzghGJPyp1Fezybi3IHqpp4xje55ubrM9aaRpp1hLbktLhj6tmj3hD/ex8BUPfygeKPFe99M33Yvnt+daY6EqPLm5yepkc2n27Al+L50juNLtlk4omlUg53bNOrl7rgP+SPfJpNcNc9DEfmKjkab2NPTyyeoLcM6oYzJGwY9Rwk/H/qiV1SBVWOQGAD8f3ce42HxxQEzzAHvIFcHmEfJ+oApfNavIM2TtE/4GXKH3HT4fWlTNqxKSHd14VEmQePcYPSjdHP7LLb46VQIb67s7lrcw8Lj70OWMbD8SMAcfL386e2PaG7gCoLCNgTgHvj/+tMo72Lkg3j0ouc84K+IYIO9SJcIEypzVUbXYBcMtwJEOd2Iyvw6/SmkV3FNBxQurryyhzijbMcunpJMYSXLlj49iNlFL5bgmRFZ8LxYweta8RLFsnlyoeSCS5YmJSXTxL7ig22WhijEssIWKIbjepOMDHUmgbBEuIYpU4u6wGGeZNHkADatEbSs86a3PSQKxd6HQszkHOKnIJXbaui22BqjfFQ30Bns5YwcMV8J8j0qVTgYJ3rxs4Jzt5Ve40BNp2K9MvDKipJ98r/7hz/Q/Oj1OWxVW1QrYa9BNI5EMj5Xh/cfqPZhxVYluF4QU3+FY0+xqy4uJR4YWGGcDnUg5VBAMjPU1OK1YvUySVHtatXpqNJBImR0OD71SUqR1C+fR7aaVpGJyxyetZRx51lZNMfQus2RKkzh8sIU4HHt1Kc6jit3nmEUeWc8lQZPy515DcWcsvHqP2tj/AOVFGEX2yTn8qsOn61BCoh0nR5N+mME++Ac1j8H1PrsnxNxj5E/8o30/snPIA1xMsQ8sZb5f91ZbPQ9MsYuKRAwHN5W2/lSg3muXTLDaQiF/9Twj9n7sSfljNMLbQOLE2qXEt5J0QMQo/X8vam0KJ4/UdXlzfNLYPGt2NqhWzTvFTn3K4RfjyrWz1u/v3/w9qwi/gGSf+R2H1PtUg0+zgAkuxHwKfBDjEa+y/vH1P0pjBI7rx8IghHJpNmPsOlMluefJwrjcmtxdYBlEUZ8gSzfOpzHIwx3h9xtUcM8bD9iC4H755fOt5GJXeT4Jt9a0XFLczu74Ab21Yje5l9uI/oRS1rZY/wB+ViOrSsfoTTd1LDPSl8+BmszZswi6bbNByScJwGwT686nv1d4z3JAlG6FuWfX086rtprttqH7CdO5n5d2+4J9D51yVnoRkkqYZKBmoGuUt2EkmwB542Hv5VrK0kPibxRHkeq/zH19+kMkrc0CsCPxY/SqpHORpdyrfMZLe+KZ6RurKfgQaFhXU7WTvLa6gZhyYBoj8cFh9K0nsbS5fM9ghY/vIBn5jBoKXQbKTPcT3EZHMLLkD3zVEkRk2+xbrDtFdJHw6nBEWH+pFJz9wQP66U/07tNZrGeGJQeeQ/ET8AK5zofZSL7aJLyZrmEEYQHuz8SeLP0966Vp112e00IghitWGwabfH/LcD6UVFXsZ8vy+aLJNPl1S6lMcSiytCxYZQd4c+QOQBz3Pyp/HGIYAgPLzJP1POl2oyBu4vI3KxDws6nKlTybI8iB8CaNt7hLu2SVDs3P0I507deUxTWqpdieJcDetZZeFgi/GoL65a1hVlXiOdxnkPOl0epRcRDcXeDdlI3Hw/lSOWlUCML3Yct03CTjibiO35f16V7dX0SRMneKJSuwB3zS+3uIZpMROrMGJXP7wYk4+ecexoUxpczXDHOY38WdiAevw3/OpKbqikYRvzGslgl/pcyd4TcK54Wb911OR89vgaI0W+W9s43AwRsy/hPl88/KtA32bUJYARieJZVHqvhb6cFBWmdP1xkP+ReeNfIP+8PyPxruDVWqL/Nfct8IwoIrGlVWwxxW0f3RSXV7grxDcHGx+NXcnCOxhxw8SdBcmrwK3CpycsPlS3T9YZ9bu7MqBGcPGfM4Gf69KrC3Di4G5xvRDXP2K4jmdsGXcH8JH/VZ/FlJ7nr/AMvhCLXLaL3z3rKVtqsYbAYYrKpqR5v8Pk9Cjr2c8eQucnyprZ6KIG7ydjCgGyA4J9z+gqwd7DagtkGX/wCNewW/fSC4ud/wqeVTWKK4PTy9flyLzPYCh7/hBt7RlhHLYAt7KSPn9K3aW/fww2piH4mZSf8Ar5GmM045Cou8AUu5AUbknpSukYbbVsCMU8StPNLBbgDeTBlf4E4A9sVDbJJfEPAjNF0nuSTxew6/DA96I+x/bpxPejMSH9jbnkP4m8z6dB8aNubuCzhMtzIEQbb9fQedAX2N440jCd4xlYnCl8fQchWNITdrGDt3RZh5bjH60i03Up9X1lJAjR2dujOpPVj4R9C3yqXSb4Xus3jqcoUAj9VU4z8yT8a4GhjmRjjnSLVdUgs5oYnOWlk4Tv8AdHmfmKb3EgRGY8gMmuXdobw3N1PJn7jEL8Dv9c0Yqy2PYuly23Oud6hpy3evXltHKIpC3eR55NkBiM9OdXVLk3FnBLnJeNWPuRVF7Tyvaa6lwAQVVH98f9CqYluaMzWlBdlqc1tONO1PiWXlHKTs/pn9a01qS/tEE1g5MecNFwBsE8iNvpRt/b2+oQGOZeJTurDmPUGvJb+0uODT1ixNFF42P+oh2z+hqqEbdVZXI+015FJwXECMRzU5RqaWes2N+yqSYZ/3VfY/A9amljiuYjFdRpLw7eNc+xpVcaNa/c7vwnkA2/wPI+zfOnpMS5rvYx1DV9S0xTJGIpYDgcRQ5U+uDSp+1U8rZuIAT/Axr1JbmwjaO5Ju7HBBcjxxj+IdRil97b2qyECGQIwyksHiUj1HT4UVFCSnLsx9pnbCbT3/AMPO8CSfeinXMb+45fHY+tXfs52zhliEUrRQS5yAzYEmeXC3In0IzvtXGuEQn/D38a+hYoac6bBazQqJrpu+JPEsSoSw888S/XNdKK5J3q2Z2GXXVmfja8tox1IR3xQqalpkchaPUnznPAIhwr54BG2fSqPcat3cCQ91duUXh47obnHx39yTWsNwvHGJ5cM4yIETLY88DOKxzg3yVUE9kdBGp2JyJI4u7Y7yQEqMn8Q6H1wKI/vEI6yCQORuH2/aJyJP8QBKnzypqr2FvFcNw29tJKFzkIGfHTfGcdaLdIRww8MsG5ZSwJGAMZwd8b/T0rM7RT+Hj6jq9V0nS7Vv2SOndj+EqeIfVflTC7tjNbCSHeWIiWM46jp8RkUllmnurP7KNjFH3UeNyxABLbdCeH6U67PXSy2ixscTR7FDzx0rTi35Ju1jvuh1YzrcWySIcqVBFVztLMYmWY7oH4JfRScA/A4+GaKspjp+sT6c5wkn7aA56E7j4Nn50RfWkd0GjmUNG4IdWGzA8xV5PUqIYkseS+xW47LB43FKO1DFLNJ2/wBCRW+H3T9GPyqw20nBC1jMxa5tphE5PN1I8D/EfXNAatarIhSReNTsVPI1nlHSexgza5WxFZ6vI0CqHBKeA535f9YrKRQ3LaY81msTN3chHTlgY+mKyp6ZHoXi7lw07VI57gzKzG2Q4Qtzc/iNObfWxcpxx/5ROEb8Z9PT1rm0Vx/eF2tjbEraRf5rA/eHkPQ1aNIuFuJWmTAghPdQgciepH5D2PnWqSo+fjJSe5bkfi61Dazfb7h3Xe1gbhX/APJIOZ9gdh658hSvUr14bMRwH9vcOIYj5FuvwGTWn2iWeRdF0Vu7igULcXWNo/QfxVGhpjXUNbS3l+yWUZurw/6abhf9x/r4UPb6JPeyi51yXvG6QIfCPQn9B9aYaXYW2nwCK2T/AHOd2c+pre/ukhiwQWzgFV5tnko9Ty9s0PYjwBalPiJLOwUCe88KcIxwRD976n51rbQpYa9bwR7IbJlHqQwo7T7QxM9zckNdzffI5KOir6D686E1j9lqOmXXTvWgY+jjb6iicvQm1m5+z6fNKf3Vz8t65tcWTHQptQdjlWAUeY5E/P8AI1cu1EzN2dkK7s6BfidqVdo7RrfstcRYwsdvj4jengVS2Z7oMyf3Pas5BPd1R+2V2JtYm4TkKFXP/H/urBpkpXSLUE4/Z1Xbi2+16YdQcbz3PGufwbhR+VaIRpi5JXFIcadN3mnWz+cYFJNfla1vbS7iPiQuCM8x4SR9TTXT+GPS7dc8l/U0rvys+q2sTDKjvGcHyKgUyW4sn5UM0uFklikjPhmiyD7YI/8AkflUEt8sc32e6whf7jn7j+nofSldnKbaSO0ZsmC4IUnqjIxFFami3du0T4/hb8J6H9PjR0na7RPJNhic4ZeYbnjpnzHr0+dLLiQQNmIYizun4D/I/nj1oOyuLqecW780PCGAzwenqPSmN7FFbR7kM+MMM5x/1TUJqtWCTzeZqbTNUuYrIGIrFE58RGFb5gb/ABzStmPCArMQOWBzFbJc20cvCYpLaQocOV6+dc42Jq3snuL5hfBF4XIGS/dhSPh/Omul3UySqkSoXflkcRz+ZPrVbt8IztxByT94Z3H9Zprpc7JcRurnjTdeoOMb/Sg4oCkzs+hNPBpKyo3FG0Mchk2JOQCx5jf6Dz2qGPU7NNQvLO+cTW4xKkvFlVJUDGdznJHxA869stRW0/wsQ4cseBmXIB+8RzGwzsPh0oOxiv5tZuZHRXXi/wA1RwxqAwZT7eEc/Ws9LgMquwy0gQzTyqGaNV4RxqVbGMgkee/1oCO9l+08URKMp8JBphavDb3WopI5WFiJcud8MMfoKSw3FjcXDfZ7rgPfd2odfFw4+8R5Zz8vWpaa4PW6eUI3GfLGes6uLq1hnkAiv7J+MY5SofvgeRxvj0qzWV8t3bxycQ8S/WqbdaFdtKXtpra5iVuFgsmCPMcsfWlS6j3Ur2MhkikiOCrjDKfT6cqOqS5C+mwZUljkWntCgtNXsNTA8DsLeYj5p9cj5UffIkkaspyCMgjrSbtLOb7QrFCwQ3EigsOh4GOR8RUHZ3VXurV7W5PDc22VdSeWDg/X86Mt0RxwcUvoVntRol1eaq01mxRSgDY6sOvyxXlW+4u7GCUpLcRo/UEVlT3Nuz7M5tDKdN0pEjJ+03I4iRzA/r86tGkMIJILRSOG2iDNjqx2/wD2PxFUiOc3mrQs23FKCB5BdwPpVj0G57yS7uCfvzcI9hsK2SWx4cJbjfVr2Z9as4LXedI27onkrPkcR9gM1ZdMNvo8dtZDIWUkCZj9+Trxep6e2PKqvpwzr91cPzWKMJ8c5/8AjU2pXLXnZy4aPeW2uSq43+6+B/7Tz9ahKPYqpdy4X+oR6ZwyyAskp4QBz48bfP8Al51JZW0rP9qu8Cc54I+Yiz5/xefkNh61KNF1zs7cXt3Kz3kSgA9IQpB2HmRzJ579NqZ6Jrk8En93auCs8R4Q5/ex/X9HmmkD5LLb3CzoSuzKxV16qw5igtfRpNLnKffiAlX3U8X6UJqk/wDdd7DqIObW4xHPjcfwt8vpTSRleM8irD4EUtdxooRXEsVxpq7hlF2vyLcQ+jCvO1WH0i8B5GB/yqsvetYC/spTvbujqfMKcZ+RWm3aLUENg8XWVljHxYCrxidq2ZV9RDQaZb2aNiWZFhB8tvEflmoNelWHSDHEOFIygUeQBFaSXZ1HU5rmMZih/Yw46sdifr9RWnbGGXT4JbS7XE3Eo4Ac788VoSJOWxpYyn+7rfPMoDj33pdHNx309wTyAjT2ByfzA+FTXlwLS0z1RQqgdTyApco7sxRZyRG3F6nIz9c0yQjke3ch/vW1cHZ/vf8AHP8AOjhKstzFE+eB3CtjyJ3pdIMzRP8AgDfkKP0Thku3kfHBEoZiSNuo/Ki0BMkGi6mySXFt3QkKcRiLYZ8c/TOOnvVfv5Li3khe4LFnVg4Y7Bgd1HwK/HPlXVtEa0L95JewZ3lCrxEEA8gQDny2Jrm3apFk1K5AdHj71zG6jBA8jnflikjK3R09uAFZQ3I5U7g+dbPcvwhTIQBsOn1pbBIY2MTcxuP1otMyycKrxrtxVUlYVbQjHGxOD0yTTCxaOLULaSQfsgy59s0DIkg/ZhC3EMKhH1php2nRwgNPmRx5nwj2H86DCjrNncdzAtyiJIQwlUu6rkHi5E8jhv8A65gfUdfsUjimjWSSSTHDboAOLHmcnO455PX4U+GRiywQrvsNhj4egxz9KZ6da2D6gZbiea+ufuiC2XwoPIn+ZHtWVprYsmrsaJaXPaG8ZoD9lhChJXU5wOfCB1O/PYe9OLfshpUYHGLlnH+p32D77AUxsD3dsFSCK3jA2BYDHy2+taXkF3cITa6h3OfwKrD6j9ai7KuV7si07RP7qLrY3jvbucmG46HzDD+VVPt2/wBj1WCSWADMI/aEbNhuWeuP1qTVNF1yOTvpZmukG/eBjkfA8qVapeSXWmnTtQYzIsiOrMfHHgjiAPkVyPjTU6K4MuiaGnaPUo7iy02WAgRmbIHLHgbatO1ijTpF1O3JjjuCIrkqcDPRj78vgKob3zxwnTJzxvBcgxseoOR9QR86sk/23UrKe3uX443GOEnkfT2qUpadn3PZw4HJ3Dt/1HkkglbieXJxjOc1lIrK4ighMF4/BNExQjzx1rKlpn2ZvWbC1ulYtsJeC9WX8IYj/wBJpzolx3VhH/FKfoM/pVbjfhKnzBHzGKOs5+C0iyfuykn/ANBr1mj4iLovkFwkXHKei+I+gyf1NQ9j7zv7SXP+pdoxB9WBP5GkerXjQ6ZIq/el8A+Nbdm7n7GVUHeNi+PZCB9WFScdiuvctsTR6dfazZRMDC9q0qrnPCcHb33NWCXs/qOtWxv791iunGUtggXA6ZPQ46H2NUGG4L3SxLxM8kTRs2er5Hz5mu3q29So6Un2OXT3l1a21xpmoKXicYHEMMjDfI+W496bdltRNzprW0jcUlseHPmp5Vadc0W01eArMvBKB4ZVG49/Ouf29ld9nu0aQXWDHcoyo68nxvn3BAHxrnG0NCYB28tzFOt3HnEqlHx+IcvmP/jSftJfNLZ2CxMeKUB/Cf4cY/8AdVu1+EX1tJak4Z1JVj0IxiqNo0LPcmW4Ib7IOCNM54dyfpv/AEKrjWwJ8li7F2iRapawMiu8AaZlO/E6rxbexxj2FI9Vnj1LUSdQlYsZO9Rh6Hn7UHNeStrirDI693xlipxzUDH9edK7+9InuDEOKZsRRgfugfqTt8Kpp3sm2M9XtVU2h7xZBkyZU7HoB88mlEk+bmI/ijb8xRurslozQpstvGI9upUb/WkTycJtT14cflTRWwsnuSTXZivG3PAwAamWkSq/26Jl427sNGvpk8R+AB+dVy7f9s3w/KrV/Z5p8eoXF9cXM/dxW9v3RCgM7FzjAGfIH6+VGWyBB3Kjv2i6VbxWcIhiRQhDLgYHIA/MCq3/AGh9gY9UsWu9JhAu4iWMKjHeqeYHr1HxFWPslqyXGkwpKwEsSqsnocflnb4U/EikkZGRzFYItJ3YZt6j5MfT3kkUyBkKHD7YO3MUwQ/Z4eGBBnkFx19a+ida7MaHrLNJf2KNMecsZKufcrz+NVt+wXZyCTiSxuJADykkmP0A3rT/ABEQLc5FZQyM/CqtNOwyeEZPyHICn1tpc6x95LG+/wCBd8fkAfxEgeWav0mnxWURjsLJbdM5/Y6bM7e+4xn4GkWpPLD4GvdZjlY7Mbd4RueQ4YSKXxtXA1CiLRrqRwbuKRIn2EFurOW9CyjGPM9fMDarFBo+u92INOSy0+EcuI5f5AECpdCt7TTYEBneaaU+OSeYFnb/AHPw8Q8sVYJtSs7C0M80g5eGPOGY+WOdK5MpGKBbTRnsFV7i5jubsjbv5xkn+HiU4rfUp7kr3c9qJB1RZ+F/ltn4VX7GG/7Q30l0W7uMt4pWGQPJV88VbrOzhs4hH388y43SV8qf+NCg0+xTbrtU2mEw2aSIV5xTryqr6tdwXc32u3XuncZZM5UH09D9KuXbuLSzYEyW8Ynb/KMahWz57dPeubQ2VxNPwiWNIyd3dsY+A3JqkUhZWgHW12tb5BnBVX+HL9RVqsbW91FFa1WSVSoYlPuqPMnkPjU1tF2f060C3ynU3DcQRlxHn26j3JoPVtbuNXRbdAIbRfDFbQjhUD2FQeHVs+x6kfifh24K20vzPL7SdKkn4p9YijlxhhBG0q5/3AYPwrKy00i2EA4oppWPNi4X5CsplCCMz63PJ3t+RU0t5JF4gvhG+a8xwW7KX3zy9gRTSCeOOyPFy5UluX8UnmDW080a3Nx9qltE5gJxsPX+hU1q+ZWb+Ij5f19KWWDAPK22VAG/xr2e67iIBGHEwwD6edI1sNZc9BsWlkh1O4ultrN7wIjjdvApyQPdSAN8np59a7PX639gJo/tPAHZA1yAHbBxnA5Zx/8AVUH+zfVNJv7S1triJvt9nG/CsgzGI8jxDpxb4J57VfdPaNIQIQFQ+IAeu9SlGikdxjcXCQplzv0HnVL/ALQJlEGlXi4zHeBfUAgk/wDxqw3VvLcys/EABsoNU/t/atbaTA7S8WbtABj+Fzn6UqR26A9Tl7yWdA5QLGAWHNQSc49dhVfu7aO2uRPbgRgJwSIOTKOR9xUkl/30U8ob/wAReCJPUDAP0U/Ol3aC77q0fB3fwj9apBBb7g2kKkk9zeSHbhLb+ZO1C6dDC+rxy5DRQuZC3nw7k/T60ojnlNvIocrEu7EHnjkKN0x+40e6mz4mURJ/yOT9BVGtiVgWrXLSIxJ8Uhyfnk0uu5P2iAfuV7dS8c4XotCyOXYnzpxG9wqOI3eoQwA471lGR5da6xoVpb2NssdtEsar5Dn7+dct7PAvq8DnlECzH0wR+tdOsZ/AKy9TdUbuhStsbQ3s2nXXf25GMeJSPCw6gjypzH2pPArReNP/AC3Y8Sf7XHT0P0qvPiRcHekbtJp8rh3O/wBzPJvIH+dZIK9i2fEr1HQz2tcjCEknmJl/UZ/IUHf9rmjPihhT1DY+uK5+dalP30APkVz+ox9aUahr9zFccKSMudxxrlT6eHBH1qscTZklUdzoj9r7mXiNtcKoGxAk7z257fSp4u0F+/hnjicDmRmNvmuPyqrWcoVeKQqZDjB6ZA5554BP9GnI1dLOycGRO8KMUDjhYnffB6Zqng0DUhw2uCMLwnDgg8DgBx6AjAPsQvxppdXej6lZ8V93PBkAOxxg4BxnmPY49sVzBbogEs23UnevbS5njjTvsK0y4EZ3yn8Xx5dQetd4bR2tF51nV9Q0l0jt4rf7IBiNlj29jg4Bpf8A/wDYXJjI+zx8X48kKPh/3Vea5kkjWOW4maKPZVd8AfpQF/fQouEMZPp4qdIDkbdoNYmuS7PPxztgbcgPIeVJI7l0A8WKGuLjvJSeS56mo4uOU7fdB3NUSJuQ3gmaZ/EScAn5DNRxXpguyy/uDHxraxQoWbyRvyNL7lu7upf9xrqOsfN2nnXZV2x51lVwnJzWUPDQdbJQst3cWtjb/wCbcSrGgP4mIA+pqXtVpL6LrF9p7sX7h8LIR99Dgqflj60z7BWs9x21sGt41ke2V5yGOwAHDn4FhVp/tm0kJ9h1RpFM8/FbuFXGQAWU/DcfEU970do8mo5fFOiyMsozFIBnblTO2SzkQiAIcc6RHyNNezsH2i/SJiQsjqre25phEWDs1qCabqDtIxSN4mRiFyfYe/Kuw6RNI1tG0yhJGGSg5J6fCudWXZqzhvUnRm4Q3EUYZz6Z8qvllLsN/nU5IrEfCTK1S/7RuK4tbC2T7xnaX2Cxtk/Jqs6y7c6r/aGH7XcxRj77ju89UTIZ/nwp8h50iW4WzmSzf4u1hGyRyyNjzJ/kB9aWa/dGa47tTkJt8f6xTS5tpv76aK2geR+9nZY41JJUMw5D/b9aaaZ/Zd2gv5jLqCx2aFST3j8TcR6YGfj5evKn1KPLJ/QoJdvs8UEYLPI2ygZJ3wAKsmqaFqen9l4J5bKeNIy0k/GvDwfursd/fyqxx/2UXtjOlzc30M/dSIypGhXYMCSc9cA4Hrzq36hqsMmnvbLC6ZUxtAwVWC4xsG2I+lDxE35TlH1PngseIkmjIdKvZoRMISsR+6znh4vbqauI7OaTp8xuMSuE3C3Lqyp8AAPmTS2+uUldZcNxSAkOxy3D5+nsKqJprkg0e1jt2LgAuVA4vMVZrCXuxwg+HoPKq7bv4398f186Y28xU86nkjZoxS0loguVbIDDI5jyr25EUsZM3DwgcydqTKySgCQHI5MDgj4ioriyllHELpnC9JmJx8ay+HubfFtEOoi0482rknqMbfClM0HFcQT4zwEg58sHf54oohuJlHjxuSu4960xlT+HkTVo+Uyz8wbdXUtuivBtluEsBnh3J+ufpXv96vdWrW94iTD9xyMFTSOa+Z3kiErd0TjhO2+f51vFMMcxWgzWGNMttJHgAoDxBWOwP8qF1C+meZH4sJw8I6Y51Ott+0LXqsoJ2UjxEDoB+vrWk95axAgqir0jXfH9eZoUAhWaSZ+bux6c60umeIYkUqT0PP5Vo+qynwW6iFTzKjc0OoLtlsknzoUCzwAyHOKd2dsBEmBzGaBhh25VYNKiE0YXmy7fCg3QUZZwYYEjbO48xQGq6c633dIpYuwRfU7AfPI+dW6yseLpTNNEaSSK5RTJJAyvwHrwnII9vy9sUmumUUbKbbImnrJazWFtLJHIys8i5OQcVlM+10UMWvXEgOY7jhmQhuYYD9c1lC0aK9EQf2eRiDtDPcszKIrfcJzbLjamH9osiarqUvD3z2Ol2pe4YtsLiUARp6HPAfgaZdldGm0ntbc2VzGoNxZs9uzjKnxKQfXG+R6Uv/tQWPS9Msez+mmWSa4kNxOMgtMx6tjmScnyHCOQp/xWI2lj0HOtFszf61axKCV7wPIB0UHJ+fL409sbfuu112oXhX7Y7qv4VOWH0NWTsh2ZXTbfvLhA14+CzD9z+EfPfzz6UPc24XtdMAP8qME+5H8jQjk1TpcDy6bw8ClL5rHkL8qbWkvKq3DiIzXN0wRQfDxNgKo6/HnTLTb2G5j7y3k40zjiAIB+fOqNGeyxrLldjg+dDS8KFnO7YwCeg5/n+nlUMcu1Rzy+E70lBGXZGwNm17cR26G8mbwszf6RJbn0yzH3x6bNf7wuCZFS1uHdWI4RGd2O+M8gBnGfShexqN9iknUoe9l4WGcnC7Z/PanizCYBlDEr94DkG5EZ9N6zyhqdgKrrevy2F6La7txHlOMHjzkcunxqr6+0V5FxnDDmOE8/iKZ/2hcf2+FpRGAsXhw2SMHfI8t6qNzqcDRKhmGeAczvy/OqQilwCytT6qHfFxCWZTvl+LhPoKWXTuXMhkWTI5g8/THShL2QSXssigLxOTgcvWhleThJ4zgedaSTY4tneOJWUGRCASBzBrZtUYZES8Pq3OotLlLQ4J3BpgGGMqA3xrqGQJFeXjnKySsT5ZNMrcXMg4rydljG/CTv/wBVEs6ZwW4T+FtqHv7sBO5Q5Lfex5eVI42OpUEXF9xju4RwQDko6+p8zRyQE6YoX/MJ7zH6fKkVkhnnVf3Bu3tT2WaNUzJOyDoFOP8AukcSkZ+oiv4VJ70DGT4vP3qK2uRbNxRjMnIOd8e3rTCY2EuQJJhxdSMj+dQ22nR8Z7i8R858DRNv786pF7bkpR3tAcs13P4Q5O3Ic6F4SD4wQf4qstroTPIsk0ggwclUPEfh5fWncGj6UD+2iMpP4nP6UryRQ0cMpFEQUbAtX2PQtBkwGsUX1V2H5Gp07EWF2M6ct4h6d2DKv8/rSeNFjPp5LuU63iyBTnTVaORXUbjp50xuuyGp6YAz2t1LD+OOBtvcEbVtZLZrjjM5OcEBAMfM0W7Vk0tyy6NBHcqDHnPVT0qwRxpEowSHB2xVc02W1VlKw3DH+Jwv5VZbWd+ACO2IH8Uhf9BUJcl0DXXZqx1GX7TdQt3jf+W5Uc88h1yTWU4WO+dQVwB5HbH0rKFs7f1IryKCWSKZgO+t2LxOeaHGD8CMg1XZOz6T6k+pNIZ7ub707DCxj8KL0H59as1tFGYmDnORljjnXkkQd0+zjwkee1WdtFo1GV9wO0trWFSnPbGetc81qy1az7R6jdf3dPdx3UisjweI4ACgYG+cAVe7yZ7Ng9xGQgbHLb3zU+lx/wB6GdllMRjGc42oRlTpD5ceqOpvY5xedmu0esWBea1j063DDghunIkm65IAPCB69al0V5bZDYXUfdTWuIyo5EdDV2m75piLhizAdTmq1r2j6l/ev22xa2dHiWNo5WKlSM77Zzzplkt7kp9Npimt2TNdRwpmRwvlnmfYda0FyJ0LKsi/70K/nSjSP8N3sV0q/bonKzONyTnmD5Ecq0GvQ3F8LS3UuCSDJnA2HTzqhmLnoxvE0l57IqrqzRqS/wB7cbFcHzOMeVSXOq6vPN3dshVSid74OHuuLLbgEn7pHLnjkKh7G38ptb+1UpGVZWR2O5yDn8vrW9hcSDtBdzcLR2r7YmXBbljhxnljnyqMkrAKu09kP7rllnTh4QCrmbj4ycg/urgYrl95cGNJUDDhU5bYZPx+H510Tt3qjTxR24IwzEtwnIYDYVyvVpgTgrji8R9R/WKrBCyYsdwuXO5J5Virs4rSWTvD93A6CpYuVUJk9ie6K5/fH1zTHGW4kfgb2yD70tKsyIIwSwIximEKOVBfCnqAc1wUzd5ZFXEsPGvmhz9DQ/fWRO0TZ8uE0ckKHmWPxqT7DayffiyfPiIoWGwBbtkXhtbdhnqVxWi29xO/FLsT1Y03XTLUjwmVPVZD+ua8fRZiM2t6wPlIoOfiKFhsHisYlAMshY+Q2FFrcwWq4yqDy86UX9nqlqCbhXMY/fjOV+lLg+dycnzrqsKnRZH1tV2ijZvUnFRNrlxnw8Cj2pHx0XZxqymWTJA5ChoQfEZZ9L1ea1xPO0bMR4VkQEL5EjrV7H9o9tEFNnC80vhG5Ma4A6+e/TFcelnaSXJ5DlRdpNhhvXVXAHK+Tsdh/aJdzFBeWcDJxZ/ZsVI8vlTc2mg9qG4g7w3pJAk4eF3GCckcj7/lXJbC4HhzuBVhs77hYFJCrryKnBFLbOpdiynSZtIlQTujxPju5QQA2eW3MVadNWJVHePGCfNhQel39r2ksHsLsYmKYAydscmB8874qo3sU+kXz2l0AGXdSP3h0NK49ysJXs+Tp3fRLsLiAe7D+dZXNkvhwjevaXb0O8L6lytUxGTzz1zUyKSwG49q0gjEcKRjOFUAZNTw548gZx0pkWk+Ty9t4r62azMi5fnyJx7V7p2jQ2ljJZKWPF/qE7sOmfblRtvbRJI0qooduZA3NLu0Dqba5NrK3237OyRqs3AAT6+ecU9LlkNbfkT2Jl0ixiPGyqhjbJPGT4emc0kn077fcn+7OJ4c5LvsF9PWnGj23f6DEmpRqrEHvAHBGQeYINCX+p2HZixSZ7xDDICY4H3eUnlw43x5nFK4p+xSOaUG6lb/AEKNqfZqK+1cwyQSNdk92eB2TiHrgjI96qt/pMeg6ojKGFvJlFLH7j+WfLGfrVsuu1Nzqcnfd/bDi+5G0pTby2GPqaSarbwX5Zu5aC+A4uAn74/hI2Pv8xUoycZfQpkzRyQ3irC9AupLWdLpwPsk0ht3borYGMnp9747+VP767dDcNcqghbJh4Hcty/fySOp3/6qhaXqt5Y3a20ASeCbIaBgEWVeR2OwYdR19ubCQ6fqlvLDG80nAxElq8/A8PoANmHl08qrpt2ZLEevast/csIGzFGWy45MSxO1U/Ui0kgwP3Rk1Y9Qtre3zHDLcA/+XJASfnyNI72CSC1aWVOHYABvvN6YqqQkhUFwdxRsKZAHUChwQ2B1xtR8Y+fWiKSxAIABRCNQo23qVGrgBkZomM0FG1FRmgFBcYJ5Cj4IyMFmC0LaFF3Y79NuVTyTOSV42K++1Kxgp3VR4WzSLVdGguuKS34YZ+e2yt7j9acWNu17eQ2qHDSuFz+HzNWztboljH2bNxbaaBLEV7potmx5vj72R+dLqphSs4ydPu1ljjaBgzvwLnkTTSWwEFqyrcF5kUkqibbcxnzou4ikukgnW5MckTEsf4TzGB1oOSOSaQTWSuY1P3xgFvbNPYp5ZRSXNo3fZMYUlSeakY5H5/KoYfCxUHkcVJPqjyRd1HxHPNid/aoLf1NEKGkMxQDemMF4VI60mj586KQEbk4rqCWaz1KRSeBsbZBBxXSdReTtJ2ajdYEa9MRaIhBuQNwCQSOXTG5FcYhnKEYrpHYXUlbSZY52aSNGZMHGFTGTt1+ppaCVL+8CvhbKsNiDsRWUk1OUQahcIk8c6CQ8EsTh1Zc7HI9OnSsrtI+s+g4oRHGqKPCowBUF9e2WjRm4um4A5x6saig1VIYBGWN/crsTaRkqf+RwoPxpD2hmkvFDagtjaxRHKd/+2cE+gwoPxNTQ0pjZe3WlFW4JlyOWTgUk1DtNx3KtZCKWI5LK4XDZ9M+WB8PWqvfajpoPDFbyahJnbvQFQH/aAB9DSS7gnJaaRFtEBz3cSszf+np8cCi03yyVo6CmtSwRRtpUos1bINvcEBIzj90nbHlz8h5VWbPVoZNRa2uUU3jHBd2JLbZ577YG25286qx127fvbZJLhoypAEv3jtt7b1JoSvayLe3B43EyxAHmOIc/qPrQSfcO3Ysepi2ue8jaILcRrkgjJ4T1U+X9EUntr1nU2c/EHi8UTk9Rtkf11rbtFcFUiuoziSJ8e6nmKrzXhlu45kzsxXfoOn9elNpOuifWJCDK4JV04Z0wd1bOGx9D8Kr80jSyd7IxaQnPGTk596Y6lOHkuADngt3BPqcf9UojbiiU9RsadKhJEyXl1CSUuJv+Uhb86gurqa4VElJOM5YnnWyMgkUygsgO6qcE1MyPND3scNoiMSqgnDEgcsk86awEcULRRIQ0bxsobI5qT/XOplbhGcc+VRK2EMckbpIvLO2xOceo51oXblXChaSKWGw25Z5VJwgDPHmhFjc/dIb0BrZCxXiByucZG4z5UTg2NqMhalkb4oyGSlYUNIH4GDDnRHGXPEedOkisNE0S2/vCzS4u7th3iN96Ndzseh5fGlWm2jXV/FarIGEk/dh/NeLGflvSWPRYuwNmLjVJ5WVsRQkBsbBm25+eM10RlVkKsoKkYK9CPKq7qralpVrDZ9nNK72LH30x4T5niI3+dV4a/wBo9HueLU4ZmVzuk8fgJ8lddgfifaotOTsonpLNqGiaXHZzWyWUS/aUfx48QcKSCDz2wa4/DG91xMpCRqF4OHo2d8V2Nr5NY0ZL2yH7RG3Q80bHCQfg2fauNtewWumRAE54AQo58WxyfrVMXexZEYzbcck4txMq5lMYGQTyHxoSygZ14mIAHWoLq6S6lLiPDMRlif0/+69+0sihY+VVQgxCKpBIODy8jW7tkCp9J122mSGwv4g5Y8PeeW+RTm40y31KLvrEqkspVsk+HBGT8d+VEK3K9GccyfSrlok407s1eXOSXeMuQo3Uchz+dVddKvzKIWtZELFQWxkDJG/wzn4Gm2um20fs2bNrnhllX9kwU+MggsNvPzoUEqBtnckrcHB9/wCdZUSXQKisoCn0nc3CLGc44QOQ/lVL1AWut34768hTu0zFDEcs6k888v5VdLKH7VaSCWCW0d8rnvAXA8welVfVOy0WjTvqGnyhkZgZLc4EnqyeZ/h61J8bGqGOKfnLHoHZrR2tVe1jBYqVlaQZdW9PSqR2/wBBvdCYXVs9tNYPgNGCVdGPp+H+ftV3tLi0s9BlktZ2Jlxh15uf06+1Vy4lXUYSs8YdHXdW328qWWRLnkrj6Z5L0vynMH1B5Mg4QYxjHIVpDfqsqh2YQRNxgEeKR/M+Qq4TdktPmLCN549s5DAgfMUg7Q9k7zSbEXqP9qgxxM0a4KDzYHl9aeE4yI5emyY1bFGramLpRHGDwZySaTPM/GFRiAPEcVjzFjn7qihwxOfM7n0qpmNppeGGROZkIGfqf0rS0YHijJwTyNQyOGfY7DlWobhPEDjFEDCH2O+Rg74qWWS3SNhBJMVc5aJ1GNvWvYoZ7pA3dEeTE4yKGeCVZCnAS3oNq4AZbxeHin28kHSmfZrQptf1A21sgjCrxSSPyRR+vpQUULCNRIQvxq6f2dX0djcXAkPC0gXhAH3jvt9alnlKGNyjyNjSlJJlw0PsVpOmqpNut1OP9SZQ3U8hy/8AqmerdkdM1qAJdQFWRcRvExUp7Dl9KAs9Xlub5VWYx3TuUFqYyDwgNgjI3Jzz5ZVfWp5O080VzAkyrHcqVW4hweRAII8hhjzxyGdq8hwz6tTe5rbjVI5L2p0Kfs9qj2UxDjAaOQDAdT1/nQ2iOr6vZo/Iyj5jcfWrX/a3qcV7JYrE4LJxljjcchj05cq57ZTNHdRShsMjBlPqDXrYJueJSlyZJpRlSLrr03e3l0X3bvj4iM4AOBTHsUvFrlkT0JOP+DUr1cLNA2qWh4oZmHfR9YnI/InrTfsOM6wrdEiY/kP1pnww9zp7XMcXCJGwW5CgddtG1CH7M6wfZWRnkaWRkHhGeY5cs7g1vbhZbk5GeEZOdxU2p9+1q8UFoJxIpXHehcZ26jlWdOmWZzvstrUujzToUE8EnhyX4QTvg5Py+Nc61+6hudWu5bVQkEs7yIo5YLbVe+1vZ429uti8/eXaxfaVKggMQGymOuRnB8wPOuZyuGfKnI6VohT3Iy22JUZRzO/kK8km2xgD2oYv4tq9UGQjPKqCHoy5Jp5pmpXtkuYXOOeM8/6FKkQCmaKHAYDY9B1rgosUfa1nH7ez434cBkYjP8qUa1dT65IjOBGsf3BzwOtRpCTjAwT0HI/zqZY1H3gR0xiuGA49OXh3Y/A1lNY3LA4TGDjA3rK4FHVLDtFcG3ntrqRuMxERToNw2Ov86n0XToZ0+03kz4aUJhd2dj51XbC4USRu8SuFOSp5N6U4j1V4ZVktYo4MDBVM4b3zz5158ZX8x9FmxabWNVYZ2m7DDUWbUdKmYSkeK3VuBW2xlT0OQPeqzol40LPpupDurhPuk8m/kfTrVv0XtHqE9wLaXu2YOF+5+6eR/rqDTHtBplvLxX4hhkkTd4pj4JgOXs29aXGM1aPMWbL070y3QisLKS7mEMWGT95xy+dOLnTYdR0i7iUFgFMPAqZz4f5GkOn9utLSR9Pe3mjBYhWfCNk/un49Tz96h1nX7nTp7TVNMSZbSBh9tiGOKVM7n4UsYxjsPkyZcitLY4Pcs8czqAUKMVKt0I2NQmRifFgr+Hoac9qxFLrt/cWzK8Us7yBkUgHiOdgd+tJSN60Hmsa6Zeyykw3CRS24G6vGuF8sDFTmxtYkBI4i7eEAY+ApUkrWwJQD1B60ZaXrlGnwBIr8I67YzXAGL2k6oPDwKP3ebH3oCWXhbhz4vKvZNQuJsqZSo6hRua9ksWhtRK+F4+mdzRQoJ3/HIQOQ61YezF8IZnVnVSeCRWbGMowOMnlnz9qqspKSFhypvop7yZggJPCdvr+lCfysaHzI+i7eG1yLxUXIUlTjOMkksPU8XPyA8qkktLZ5xeMoB4RluHB2IIJ9sbeWTXNOyXbB7G0eyvpAY4/DE+QGQdBuRkD32p3edppNdiey0uKT7NjhmmcDicdQBy35ev1rA9Sds13Fo5f28v7e81QtbuJHLSPMw5cTOWC56kA7n4dKr1iOKddsgc6e9r+z02mamyJGBbyHiiYch5r8PyxWaNovdnv7vIUDODtke1bsdOKoyTvVuE6JIFN3bSN+weA8QJ6Yz+Yqzdhm/wAVOx5iMZPxqj3B71pLgnDMSSPjVj7MamLC6JkUmNxhsDJHkfzrpLYMXudbsMDiPVjmmApJpF7DcwrJBIrp5g8vSmkrydw5twpl4TwB+XFjbNZWi6Kj2v7p9dt8YLRqnH/6icH4fnXENWtWsNTu7E5Bt5njGfIHA+ldMuZzJeFbx5FujIeIOcEt1FUrtnc2l7rrT2xDTd2BcOpBVpBtkfADPrVsW2xLIIUj2OaIQAACtBUi1YmSKPnVo0PRyUEsjbn93piqzEeFgR0p7ba01vFgc64KGusSwWsPdlFzjBIpR30chKQtk/U/zoC9vZbuTic/CoEYr9049q4NjjhI2Zhken/dZS0XUwGO8avK4J0azLOFKg4556U40+0lv5CkBUBfvMx2quanrMWmTvZgcQQZJHX28xTHsnr0HD3ssI57kscj4daxQxbnt5erWi1yWC/4dCjj1C1nSWSAFZiozhTz25bbHPvUcmoy3arJJM0qkZUk5GD5VJe6zHeWjwWcQFrMpDcSYLZ57Uj7O/4WSSxnJPdf5RY818qpJdkZccn801yR63oR1NTPGOCddx5Pjof51Xr3X7yLTJtPc+MZRpCd+HkR6n1q9ajcx/ZnjV+EkYGDXMryxupL1ou6KKxwGJyvvnyopJHTc38qAtVs5bSGASRBWdBIG8ww5H2/WkpjVd874zjNPbq8dtPksL8FpYcGBydx5g+YxSJscW52I6Cqxdow5UlLYhmyVNa20j8JRAOHOSaIt7KW9bCHhUfeY0WlnHAoQMXI60xJJydIht14W7xhy5Cp5ZGlQZOSDtn+vSt0h4jg1BeFbYBeLxHmKMZJrYfLinidTVMHkUZIbr0p12WQJqkB5ZyN/UUhR+MEn5VZNFs2aaYiT9rF4U/3cwaXI/KLD5kXTSezNkZmnnXveN+JVP3QOm1W23ihtI0jjQKucKqgDFIdEvVnt45IzgEYIPQ9R8K8vdZay1QRtGZRKgMaodweTfkPrXmyUpOmblSQX2nt0l02WRjxGIGRdthgZ268sj41TJMPbzJ+JGH0q2ahqNvfWckQ4j3qlHRlKkZGDnyrkFvf3FrIUErIyHhIJyNudbOkbUWmZupW6Z7NI2IwGABO4pnZTAMrdKUyQSyKHWMleLPFU9tLggdRWhmc6H2Mh49Qe8YAJF4Vzv4j1+A/Or6bqUHhggLnhyGZwFB9evyFc17H6lw5tGx+ND5+Y/r1qftd2iuYbcHSLt0ljU8TIfCN+nmahKLbLRdIqX9oOsR69rhKW/dSWqmCU5yHcHcjbltjekkEQTmNiMYrIlOXeQ8Ts2STzJqYc6ulSom93YPLHwYYcuVbQpxGtrjAQZ86jWQjlRAxra20TI5dhsNqEVTK54RneooizEgE460bbzxxjAFAJjQgJwlPF+IVC3DGPFz8qkuboHZRQDvxHeuON2mJO1ZUOD5V7XHFiMV7OVklYTSt4UTGSc+QomW0vNHvLddVxbxSjKyRHjAPkfbrTnsaE4Jrm4Aa4i2BVcgKfL1p/e6ZbavGrXbyGFlH7MjGPnyNTW68pqnFqX9QRf8A83Zul3Fiayx/mDdSPMr09xtUesapDNDb3NnMy30R/aJ5r0x50Rb3N52VvI7a5Mk+luSInGf2efT9PiOoonVezNpqBN1poihZ14ww3SQn06e4+VNosn4rXsD/AG77TAkoOONc7HlQk914SP0oSCK6sZfs19EVi5oU579QeRFeSAMMq3F57cvhWecWj0cOeMlXcB1QwMiyzJkodj5+lVmQ7nyzT3XpYhHFbQsXbPFIcdegH9daRYJfBHLmKtjVRMPVZFPJsM1u1jgAUBQuwAFCCZp5PFt+lDyN61PbQZUOXAB5UzaS3JYsU8sqgHG4WCI7eI8ieeKUynvZC78+lHzwiTHiAI296FaNUyrMCw8qGKSao09fgnDI5PgFQcEoHQ090u6mhmkliUuuMFBzwNsj2yPrSZlw2TyprosoKOh/zASw+WKafBihyXjRLm1mDS2bjL44+E8j6jofhQvaKJLYJcqx4y2WZm8THmDmhoLTT5pFeWFDL5hyD9DQ2qyW8qMljCnBH9+bGTnoAeeKyafMab8pcRdrPZB1fORvnmPeuUpbob6ZplBPeMSM9c10MXay2qyAYLIPDjfcf91y+4Mn2uYPxLL3jca9Q2TkfOqdPGmxM72Q6u9SlSPuo4WWMdRg0uh4GkJUsCfOtoIrpcFZMZ33ajY1kb/Oihk9eR+daWjOZDP3TYYjamSSxyxFH5EYoCSC1lwJXeJhyyR+dem2nhUG3cXCfw/epaCDz2TRE8LBkHI0NnFMHN4oz9nlAHUxmgZBK5LyI/vw4ophB7knhXNQg1PKyqVZ+QOSDXlwYml4oCOE11nHiNits+tRisJwK4BszZNeAVqN62HkK4425VlbAgbEV5XBOm6TqFjJCsNmypw/6edx5+/uM02uJbgQD7KEMmQPEcADzrmNtl/AdgcYPUexp/Z3t7GggnuGmixjJ5496nGexryY2pXexc3WK4QWtygk7xfGANvel3BPokyASM2nls454orTdQWeMglQV5AeVa6lwzxN3xYRqPurvn1qnYzbaqFOrOlwrG3k44geKMdB5gVW7yVI+CZXYhhyzv7VLfXosHbuyZISduhFJyHu5H7s5gOH4+QQ+X/VTs0NbBReNoGZY4g5I34ATj3NByRLKdwOI7A1K0HcoONzn90EYJ+HlWo51PK2pI9L4djhkwS1JN39iEWKwjhlIkfGSeVayRJG8XAoHjqZJTMC5AG+NqguT/iIB/F/Khbc2UjihDpYut9v3Pb4lYMg75/StltoSoymcjfeotROLf8A5fzomP7i+wpbagqLeHHJ1U1JXsvuA2yBrmSOQZAB2/r3o1YIh+4NuVQqnDqDEDZo8/HIqdjgr60ZSbaI4+nhHFJNcS+4Qk8oURB8REjKAAA07u2jFsIUASN2C7dMnc1X1+8PemT3I7tseVCO5L4jCMZQUVVmj6zqGX4bognI4wihsf7sZz65zSaWCCFGkEYBG5O5omo7leKCQD8JoRk7N2bp8TxSqKuiO0m74NtgDatmt+OQcLlR165qOwTgjbzJGaLBwc1WUmshgx9PCfQ2lvX7M0jRY2yqjIo2W7nSV1SUgA7bChK2kOZGPrUnJ1yblgxeJHyrj09g+31OZEYvM5YDwjhG/wBKY6bq5uZTFIvAceHB50j4F+ycf7/HjPpXtg3Bewn+L9KaMpJohl6XBPHOUVur/Qt5cMMNgjyIoW4s7GZSJrWFvXgAI+IqJ7kRqM5JOwA6moJBNMSC/COpHQeQ/U1c+eFV72dgLs9rdrGmfuyb4+OaS3dhcWoLMvFH/wCYm6/PpVrbToiNpHB9cUMRNYyhsAry/hb3o2dRVeXOt4+FtwfhROuWpjl+0Qr/AIeTy/0z+E/pSrJG4O4pgBx51laxksgJPOsrglvnsVhXjUcqit5+GVSOhple3qyIY4mVAeY5Uglu8CSMYQMOFuEc6k1RrTcxwbvgIkhfgZfKtbzV5ZkxNIETHTkT61XWupe8MGfF0boagkdmVo2Oc7D3GKKbFklyg+fvJIxIQGjc8K/xe1GWcUdlacAxsSzH1/ral1rEbG271yTPIPCpP3B/Otjdl7VwSOIbfyoxjRPLlctjYHvmeeU7clFR8qgkkGMA5A2FSjJH3jUsy4Z6nwiW04mlupSLhwdmP50Pck/bIRy5fnRIiGN2b50E/AuoIqjG4FLCm2y/VaoYoRfqiTVci1/5CiIyQi5IOwwAtD6t/wCF/wCQouP/AC19hQ/Ai8Y31U/Zfcj7pmdXZyCARsedTcCMp4hkqNvfzrAcgEda0dmVkCjPEcH0oRbsbLigoWvobBQq7fWoIJpplBPCADvvyqc8jQlqzLcOoxwnxe22PzFPj4Zj6+K8bFFf9wEXTcFvK3kprdhkEedQXys1pIqgkkdBU6HKqT5b1Psmejd5ZR+i+4PZNlWz5iiaEsF4WnGT9/rRed8U2T5mR6FJdPFP6/uZWHnWGvF3GaX8Jd/3V7P7E2f8Nj+KvLY4uIz61pxeDh9a9j2dfem7oyppYsvvIbo/E/Gf+PpU4el6ydK276QcgrenI1po+aGAb1xXrlXUq4BU8xS1NQj4uFwyH1FELMrjKsCPSgECuUNvIyDeNhyPIjyIpDqdokOJoAe7Y4K/gP8AKrDqRyiHqDS2RROjQt++MAno3T60wGJkmwoDDJFZUOCNiMHqKyiAt622IHM5Z5Tv4OY9qWvZXZYyBWCAkjixn5U0SVhucBeHJ4juPSs74HcNz3DDy9K7Sh9buxRMA68PA6FeRI61rbDMv7QDwjiIO+/SjNRt0IEqluJjkEk7UvjDqkhkdjggAE8ueaStxpSemzeaUljtgeQ5CoSx9vjXjmojz8qYkShtxij4myiZ8t6WK+KNtHHcAHocc6nmXlPT+FTSytP0CeQpU3i1QHykFMyR0fHxoCID7Vxeb5+tTxLk2/EZ28a+qJdU/wDDAfxCio/uL7Ch9R/yP+X86lSSNUA412XJ35Cl/AjQpJdVO/RfcjsJDJapnmMg1tOx7yADkZP0NB6XKESVeo8QHnRM0iu1sxwP2m4J5bGi41NkcWZT6aO++36MJOd6HgiZZeJhjYiiOJfxD51nEv4l+dIpNJo1ZcOPJOM2/lPScc6zI68qE1KRRat4uZA8J3qS1cG2jJbJ4RnJrtPlsK6hPM8f0sy3BEs4P4ga3LYnUeamvEKiaU5GDjrUNxJwzxMDsOdOlqkZpzWLAnfEv9gutIjmNTXpZT+8PnUEDsYUKlcEciaRLY0TyJZU/o/sTZ8ZFb5xvUeeIeLhGPrUYZeQNUinJoyZcqxY5+kr/UOjcmpg2BQ0bKg3rfiJXiOPQCtJ88bTKkww/PoaCkWa3JKk4/Epqcyb1skmcCgdYKbmR04WYkDfeoWejZbeM7p4SfLlS+4R4jhhz5Eda44DviFuC34wG+PX65rK3uYjMyMrAYXFeUTiVdRuZAVyACMHwipbO8ljJQhSPI0tJ4TlflUokzhk+9nGPOl3LeXuPTeh4iH4S34WpZLOCSsa+HOa9l8EQxz6mgyc7LtRJSa7EjSb4B3rXiqFjjlWBthRFJS1YPEc9ajzW6nhrjibyqWEgSJk9aG49s14X65rmthoS0yUvQY6m2IVHMs2wrSLTY+EGclmPkcAUL35uLu3B5KQKZ3TMlvK6bMFyDWZ6oJRR7uPwupnPPJWkCXGmIYyYMhh+6TkGgbG3WeVlcPgDPh86dQycUMbMRkqM70DpgxcXPCORwPmf5UYzlpdiZulwvNjcVs+V/izF0+HmEn5/wANCTQEz92oJYnAB509oBExqz5GfDkfIV0Mj3O6voYR0ae7o9j0yFU/aBmf0OKjubFYk7yEHluDRV87xW5ZDhsgZohgGBGNjSrJJNOzRLpOnkpY1GmkLLKBZw5YnbGMUT9ij/E/zrXS1xC5/ixRlHJklq2YvR9Hhlgi5RtiKVuEFeteQtzHnWtyCtxKPJzj51GrYNaVwfPSVSaDVbet1l4dyeVCq2a8kfbFEAzhm4hnNHI44QKQwykEDNGrcbc6BwXOcbio1koV5y21eCT1rjg3vPWvSwZSrDIPQ0GJK3ElccY9o2f2ZytZW/enzrKARQKltQO/B8gTWVlcO+Ca7Y8FQOeGJMV7WURCE14DWVlcAxT4q3YmvKyuONQTW2dqysonHsBInjI5hhVhIzgHkaysrNn7Hu/B/lmvYRajAkM/CgwCM4ovRv8AKlP8QrKymk/6ZDp4qPXtL6/sHL/nOP4QfzqD/wDs1P8A+L9a8rKiuX7Hp5Plj/6+7NtS/wDBn/cKB/vC481/9NZWVbEk4bnn/EMkodR5XWy+4bpp/wAID5sTU8Z8Uvo/6CsrKjPlm/pW/Cx+32E17vdSHzIP0oavaytceEfN5v7svdm0ZNePzrKymJm0f3vhU2TWVlccZk1sprKyuONwa9BNZWVxxtxGsrKygcf/2Q==', 2, 2, N'123', 123, 0, 1)
GO
INSERT [dbo].[GardenPackage] ([ID], [NamePack], [Image], [Length], [Width], [Description], [Price], [Status], [PackageTypeID]) VALUES (8, N'123123', N'https://i0.wp.com/thatnhucuocsong.com.vn/wp-content/uploads/2022/09/avatar-anime-1.jpg?ssl=1', 0, 0, N'123123', 0, 0, 1)
GO
INSERT [dbo].[GardenPackage] ([ID], [NamePack], [Image], [Length], [Width], [Description], [Price], [Status], [PackageTypeID]) VALUES (9, N'adsfasdf', N'https://xuanthulab.net/public/img/logo.png', 1, 1, N'123', 123, 1, 2)
GO
SET IDENTITY_INSERT [dbo].[GardenPackage] OFF
GO
SET IDENTITY_INSERT [dbo].[PackageType] ON 
GO
INSERT [dbo].[PackageType] ([ID], [NamePackageType], [Status]) VALUES (1, N'Traditional', 1)
GO
INSERT [dbo].[PackageType] ([ID], [NamePackageType], [Status]) VALUES (2, N'Classic', 1)
GO
INSERT [dbo].[PackageType] ([ID], [NamePackageType], [Status]) VALUES (3, N'Morden', 1)
GO
INSERT [dbo].[PackageType] ([ID], [NamePackageType], [Status]) VALUES (4, N'111', 0)
GO
SET IDENTITY_INSERT [dbo].[PackageType] OFF
GO
SET IDENTITY_INSERT [dbo].[Role] ON 
GO
INSERT [dbo].[Role] ([RoleID], [RoleName]) VALUES (1, N'Customer')
GO
INSERT [dbo].[Role] ([RoleID], [RoleName]) VALUES (2, N'Technical')
GO
INSERT [dbo].[Role] ([RoleID], [RoleName]) VALUES (3, N'Admin')
GO
SET IDENTITY_INSERT [dbo].[Role] OFF
GO
SET IDENTITY_INSERT [dbo].[Room] ON 
GO
INSERT [dbo].[Room] ([ID], [RoomNumber], [Length], [Width], [Status], [BuildingID], [CustomerID]) VALUES (1, N'01.01', 3, 1.2, 1, 1, 1)
GO
INSERT [dbo].[Room] ([ID], [RoomNumber], [Length], [Width], [Status], [BuildingID], [CustomerID]) VALUES (2, N'01.02', 3, 1.2, 1, 1, 2)
GO
INSERT [dbo].[Room] ([ID], [RoomNumber], [Length], [Width], [Status], [BuildingID], [CustomerID]) VALUES (3, N'01.03', 3, 1.2, 1, 1, 1)
GO
INSERT [dbo].[Room] ([ID], [RoomNumber], [Length], [Width], [Status], [BuildingID], [CustomerID]) VALUES (4, N'02.01', 3.2, 1.4, 1, 1, 2)
GO
INSERT [dbo].[Room] ([ID], [RoomNumber], [Length], [Width], [Status], [BuildingID], [CustomerID]) VALUES (5, N'02.02', 3, 1.4, 1, 1, 1)
GO
INSERT [dbo].[Room] ([ID], [RoomNumber], [Length], [Width], [Status], [BuildingID], [CustomerID]) VALUES (6, N'03.01', 3.2, 1.4, 1, 1, 2)
GO
INSERT [dbo].[Room] ([ID], [RoomNumber], [Length], [Width], [Status], [BuildingID], [CustomerID]) VALUES (7, N'03.02', 3, 1.2, 1, 1, 1)
GO
INSERT [dbo].[Room] ([ID], [RoomNumber], [Length], [Width], [Status], [BuildingID], [CustomerID]) VALUES (8, N'04.01', 3, 1.2, 1, 1, 2)
GO
INSERT [dbo].[Room] ([ID], [RoomNumber], [Length], [Width], [Status], [BuildingID], [CustomerID]) VALUES (11, N'01.01', 3, 1.2, 1, 2, 1)
GO
INSERT [dbo].[Room] ([ID], [RoomNumber], [Length], [Width], [Status], [BuildingID], [CustomerID]) VALUES (12, N'01.02', 3, 1.2, 1, 2, 2)
GO
INSERT [dbo].[Room] ([ID], [RoomNumber], [Length], [Width], [Status], [BuildingID], [CustomerID]) VALUES (13, N'01.03', 3, 1.2, 1, 2, 1)
GO
INSERT [dbo].[Room] ([ID], [RoomNumber], [Length], [Width], [Status], [BuildingID], [CustomerID]) VALUES (14, N'02.01', 3.2, 1.4, 1, 2, 2)
GO
INSERT [dbo].[Room] ([ID], [RoomNumber], [Length], [Width], [Status], [BuildingID], [CustomerID]) VALUES (15, N'02.02', 3, 1.4, 1, 2, 1)
GO
INSERT [dbo].[Room] ([ID], [RoomNumber], [Length], [Width], [Status], [BuildingID], [CustomerID]) VALUES (16, N'03.01', 3.2, 1.4, 1, 2, 2)
GO
INSERT [dbo].[Room] ([ID], [RoomNumber], [Length], [Width], [Status], [BuildingID], [CustomerID]) VALUES (17, N'03.02', 3, 1.2, 1, 2, 1)
GO
INSERT [dbo].[Room] ([ID], [RoomNumber], [Length], [Width], [Status], [BuildingID], [CustomerID]) VALUES (18, N'04.01', 3, 1.2, 1, 2, 2)
GO
SET IDENTITY_INSERT [dbo].[Room] OFF
GO
SET IDENTITY_INSERT [dbo].[Tree] ON 
GO
INSERT [dbo].[Tree] ([ID], [NameTree], [Description], [Image], [Price], [Status], [TreeTypeID], [GardenPackageID]) VALUES (1, N'cây lưỡi hổ', N'Loại cây này được mệnh danh là loại cây dành cho phòng ngủ, nó giúp sản sinh ra khí O2 thanh sạch cho gia đình vào ban đêm, khả năng này hầu như các loài cây khác không có được (ban đêm, thực vật cây cối thực hiện quá trình hô hấp, hấp thu O2 và thải ra CO2). Cây không cần quá nhiều ánh sáng và nước nên phù hợp đặt ở nhiều góc trong nhà. Thêm vào đó kiểu lá đơn, cứng của loại cây này còn tượng trưng cho sự mạnh mẽ, sẽ rất ấn tượng khi dùng trong trang trí.', N'https://firebasestorage.googleapis.com/v0/b/lachagarden.appspot.com/o/20170717103118-cay-canh-2.jpg?alt=media&token=72809852-85e2-44c7-845c-2301ca0efbc3', 200000, 1, 2, 1)
GO
SET IDENTITY_INSERT [dbo].[Tree] OFF
GO
SET IDENTITY_INSERT [dbo].[TreeType] ON 
GO
INSERT [dbo].[TreeType] ([ID], [NameTreeType], [Status]) VALUES (1, N'Cây thích nắng', 1)
GO
INSERT [dbo].[TreeType] ([ID], [NameTreeType], [Status]) VALUES (2, N'Cây thích mát', 1)
GO
SET IDENTITY_INSERT [dbo].[TreeType] OFF
GO
ALTER TABLE [dbo].[Building]  WITH CHECK ADD  CONSTRAINT [FK_Building_Area] FOREIGN KEY([AreaID])
REFERENCES [dbo].[Area] ([ID])
GO
ALTER TABLE [dbo].[Building] CHECK CONSTRAINT [FK_Building_Area]
GO
ALTER TABLE [dbo].[Customer]  WITH CHECK ADD  CONSTRAINT [FK_Customer_Role] FOREIGN KEY([RoleID])
REFERENCES [dbo].[Role] ([RoleID])
GO
ALTER TABLE [dbo].[Customer] CHECK CONSTRAINT [FK_Customer_Role]
GO
ALTER TABLE [dbo].[Garden]  WITH CHECK ADD  CONSTRAINT [FK_Garden_GardenPackage] FOREIGN KEY([GardenPackageID])
REFERENCES [dbo].[GardenPackage] ([ID])
GO
ALTER TABLE [dbo].[Garden] CHECK CONSTRAINT [FK_Garden_GardenPackage]
GO
ALTER TABLE [dbo].[Garden]  WITH CHECK ADD  CONSTRAINT [FK_Garden_Room] FOREIGN KEY([ID])
REFERENCES [dbo].[Room] ([ID])
GO
ALTER TABLE [dbo].[Garden] CHECK CONSTRAINT [FK_Garden_Room]
GO
ALTER TABLE [dbo].[GardenPackage]  WITH CHECK ADD  CONSTRAINT [FK_GardenPackage_PackageType] FOREIGN KEY([PackageTypeID])
REFERENCES [dbo].[PackageType] ([ID])
GO
ALTER TABLE [dbo].[GardenPackage] CHECK CONSTRAINT [FK_GardenPackage_PackageType]
GO
ALTER TABLE [dbo].[Request]  WITH CHECK ADD  CONSTRAINT [FK_Request_Garden] FOREIGN KEY([GardenID])
REFERENCES [dbo].[Garden] ([ID])
GO
ALTER TABLE [dbo].[Request] CHECK CONSTRAINT [FK_Request_Garden]
GO
ALTER TABLE [dbo].[Result]  WITH CHECK ADD  CONSTRAINT [FK_Result_TreeCare] FOREIGN KEY([TreeCareID])
REFERENCES [dbo].[TreeCare] ([ID])
GO
ALTER TABLE [dbo].[Result] CHECK CONSTRAINT [FK_Result_TreeCare]
GO
ALTER TABLE [dbo].[Room]  WITH CHECK ADD  CONSTRAINT [FK_Room_Building] FOREIGN KEY([BuildingID])
REFERENCES [dbo].[Building] ([ID])
GO
ALTER TABLE [dbo].[Room] CHECK CONSTRAINT [FK_Room_Building]
GO
ALTER TABLE [dbo].[Room]  WITH CHECK ADD  CONSTRAINT [FK_Room_Customer] FOREIGN KEY([CustomerID])
REFERENCES [dbo].[Customer] ([ID])
GO
ALTER TABLE [dbo].[Room] CHECK CONSTRAINT [FK_Room_Customer]
GO
ALTER TABLE [dbo].[Technical]  WITH CHECK ADD  CONSTRAINT [FK_Technical_Role] FOREIGN KEY([RoleID])
REFERENCES [dbo].[Role] ([RoleID])
GO
ALTER TABLE [dbo].[Technical] CHECK CONSTRAINT [FK_Technical_Role]
GO
ALTER TABLE [dbo].[Tree]  WITH CHECK ADD  CONSTRAINT [FK_Tree_GardenPackage] FOREIGN KEY([GardenPackageID])
REFERENCES [dbo].[GardenPackage] ([ID])
GO
ALTER TABLE [dbo].[Tree] CHECK CONSTRAINT [FK_Tree_GardenPackage]
GO
ALTER TABLE [dbo].[Tree]  WITH CHECK ADD  CONSTRAINT [FK_Tree_TreeType] FOREIGN KEY([TreeTypeID])
REFERENCES [dbo].[TreeType] ([ID])
GO
ALTER TABLE [dbo].[Tree] CHECK CONSTRAINT [FK_Tree_TreeType]
GO
ALTER TABLE [dbo].[TreeCare]  WITH CHECK ADD  CONSTRAINT [FK_TreeCare_Request] FOREIGN KEY([RequestID])
REFERENCES [dbo].[Request] ([ID])
GO
ALTER TABLE [dbo].[TreeCare] CHECK CONSTRAINT [FK_TreeCare_Request]
GO
ALTER TABLE [dbo].[TreeCare]  WITH CHECK ADD  CONSTRAINT [FK_TreeCare_Technical] FOREIGN KEY([TechnicalID])
REFERENCES [dbo].[Technical] ([ID])
GO
ALTER TABLE [dbo].[TreeCare] CHECK CONSTRAINT [FK_TreeCare_Technical]
GO
USE [master]
GO
ALTER DATABASE [lachagarden] SET  READ_WRITE 
GO
